Workbook

Sheet Questions
A1: Section | B1: Item ID | C1: Response type | D1: Question / statement | E1: Response options | F1: Applicability / scoring note
A2: Consent | B2: C1 | C2: Yes/No | D2: The participant has read or received an explanation of the study. | E2: Yes; No | F2: Required before Phase 1
A3: Consent | B3: C2 | C3: Yes/No | D3: The participant understands what they will be asked to do. | E3: Yes; No | F3: Required before Phase 1
A4: Consent | B4: C3 | C4: Yes/No | D4: The participant understands what DriftSense will and will not record. | E4: Yes; No | F4: Required before Phase 1
A5: Consent | B5: C4 | C5: Yes/No | D5: The participant understands that participation is voluntary and may be stopped without giving a reason. | E5: Yes; No | F5: Required before Phase 1
A6: Consent | B6: C5 | C6: Yes/No | D6: The participant understands how anonymized study data may be used. | E6: Yes; No | F6: Required before Phase 1
A7: Consent | B7: C6 | C7: Yes/No | D7: The participant had an opportunity to ask questions. | E7: Yes; No | F7: Required before Phase 1
A8: Consent | B8: C7 | C8: Yes/No | D8: The participant agrees to participate. | E8: Yes; No | F8: Required before Phase 1
A9: Eligibility | B9: E1 | C9: Yes/No | D9: Meets the minimum age in the approved ethics protocol. | E9: Yes; No | F9: Required
A10: Eligibility | B10: E2 | C10: Yes/No | D10: Can use the required browser and study device. | E10: Yes; No | F10: Required
A11: Eligibility | B11: E3 | C11: Yes/No | D11: Understands the study instructions. | E11: Yes; No | F11: Required
A12: Eligibility | B12: E4 | C12: Yes/No | D12: Agrees to begin Phase 1. | E12: Yes; No | F12: Required
... A42: Provenance | B42: P2 | C42: Choice | D42: These Phase 2 answers reflect my own experience; I answered as honestly as I could and could choose not sure or skip. | E42: Confirm; Prefer not to confirm | F42: After Phase 2

Sheet Responses
A1: Participant_ID | B1: Age_range | C1: Main_role | D1: Daily_browser_use | E1: Consent_date | F1: C1 | G1: C2 | H1: C3 | I1: C4 | J1: C5 | K1: C6 | L1: C7 | M1: E1 | N1: E2 | O1: E3 | P1: E4 | Q1: Researcher_code | R1: Phase1_completion_date | S1: P1 | T1: A1.1 | U1: A1.2 | V1: A1.3 | W1: A1.4 | X1: A1.5 | Y1: A2.1 | Z1: A2.2 | AA1: A2.3 | AB1: Phase2_completion_date | AC1: P2 | AD1: B1.1 | AE1: B1.2 | AF1: B2.1 | AG1: B2.2 | AH1: B2.3 | AI1: B2.4 | AJ1: B2.5 | AK1: B2.6 | AL1: B2.7 | AM1: B2.8 | AN1: B2.9 | AO1: B2.10 | AP1: B3.1 | AQ1: B3.2 | AR1: B3.3 | AS1: B3.4 | AT1: B3.5 | AU1: B3.6 | AV1: B3.7 | AW1: B3.8 | AX1: Useful_theme_code | AY1: Limitation_theme_code | AZ1: Improvement_theme_code
A2: P01 | B2: 18–24 | C2: Student | D2: 4–6 hours | E2: 46235 | F2: Yes | G2: Yes | H2: Yes | I2: Yes | J2: Yes | K2: Yes | L2: Yes | M2: Yes | N2: Yes | O2: Yes | P2: Yes | Q2: R01 | R2: 46249 | S2: Confirm | T2: 5 | U2: 4 | V2: 5 | W2: 5 | X2: 1 | Y2: The first setup took a few minutes, but daily use was straightforward. | Z2: Yes. I understood it as asking whether I stayed with the task I declared. | AA2: A shorter first-run explanation of task sites would help. | AB2: 46260 | AC2: Confirm | AD2: Yes | AE2: Yes | AF2: 5 | AG2: 5 | AH2: 1 | AI2: 5 | AJ2: 5 | AK2: 5 | AL2: 5 | AM2: 1 | AN2: 1 | AO2: 5 | AP2: I paused, checked my task, and usually returned to the tab I meant to use. | AQ2: It appeared after I had followed unrelated links for a while; the timing felt fair. | AR2: Once it appeared while I was checking a supporting source, so I dismissed it and continued. | AS2: It made me make a deliberate choice instead of continuing automatically. | AT2: The short beep made the check-in noticeable without blocking the page. | AU2: About right; I noticed it, but it did not repeat in the same session. | AV2: Let me choose between two quiet volume levels. | AW2: Phase 2, because the occasional check-in helped me recover from drift. | AX2: Goal reorientation | AY2: Occasional false prompt | AZ2: Volume control
A3: P02 | B3: 25–34 | C3: Knowledge worker | D3: 6–8 hours | E3: 46236 | F3: Yes | G3: Yes | H3: Yes | I3: Yes | J3: Yes | K3: Yes | L3: Yes | M3: Yes | N3: Yes | O3: Yes | P3: Yes | Q3: R01 | R3: 46250 | S3: Confirm | T3: 4 | U3: 5 | V3: 5 | W3: 5 | X3: 2 | Y3: I occasionally forgot to end a session when I finished working. | Z3: Yes, the choices were simple and matched what happened. | AA3: A gentle reminder for an unfinished session would be useful. | AB3: 46261 | AC3: Confirm | AD3: Yes | AE3: Yes | AF3: 4 | AG3: 5 | AH3: 2 | AI3: 4 | AJ3: 5 | AK3: 5 | AL3: 4 | AM3: 2 | AN3: 1 | AO3: 5 | AP3: I stopped for a moment and compared the current page with my original goal. | AQ3: A message link had led me into unrelated browsing, and the check-in helped me return. | AR3: I do not remember a clearly wrong check-in. | AS3: Usually I changed activity; when the page was still useful, I simply continued. | AT3: It was clearer than a visual card alone and still brief. | AU3: About right; more alerts would have become distracting. | AV3: Show a small confirmation when I choose to continue intentionally. | AW3: Phase 2; it added a useful moment of reflection without restricting access. | AX3: Goal reorientation | AY3: No clear false prompt | AZ3: Continue confirmation
A4: P03 | B4: 18–24 | C4: Student | D4: 6–8 hours | E4: 46237 | F4: Yes | G4: Yes | H4: Yes | I4: Yes | J4: Yes | K4: Yes | L4: Yes | M4: Yes | N4: Yes | O4: Yes | P4: Yes | Q4: R01 | R4: 46251 | S4: Confirm | T4: 4 | U4: 4 | V4: 5 | W4: 4 | X4: 2 | Y4: Choosing all the sites I might need for research was unclear at first. | Z4: Yes. It made me think about my original task rather than the website itself. | AA4: Show one example of a mixed-use task site during setup. | AB4: 46262 | AC4: Confirm | AD4: Yes | AE4: Yes | AF4: 5 | AG4: 4 | AH4: 2 | AI4: 4 | AJ4: 4 | AK4: 5 | AL4: 5 | AM4: 2 | AN4: 2 | AO4: 5 | AP4: I finished the paragraph I was reading, then went back to the planned research. | AQ4: It was useful when my reading had slowly moved away from the question I started with. | AR4: One check-in felt slightly early while I was following a relevant citation. | AS4: It helped me decide whether the detour was still part of the task. | AT4: The beep was noticeable but not harsh. | AU4: About right overall; the one-per-session limit worked well for me. | AV4: Allow a softer sound for quiet environments. | AW4: Phase 2, mainly because it caught slow drift that I did not notice myself. | AX4: Reflective awareness | AY4: Occasional early prompt | AZ4: Volume control
A5: P04 | B5: 25–34 | C5: Software professional | D5: 4–6 hours | E5: 46238 | F5: Yes | G5: Yes | H5: Yes | I5: Yes | J5: Yes | K5: Yes | L5: Yes | M5: Yes | N5: Yes | O5: Yes | P5: Yes | Q5: R01 | R5: 46252 | S5: Confirm | T5: 5 | U5: 5 | V5: 4 | W5: 5 | X5: 1 | Y5: Nothing major; the start and stop controls were easy to find. | Z5: Yes, it was brief and clear. | AA5: Keep the controls visible when several tabs are open. | AB5: 46263 | AC5: Confirm | AD5: Yes | AE5: Yes | AF5: 5 | AG5: 5 | AH5: 1 | AI5: 5 | AJ5: 4 | AK5: 4 | AL5: 5 | AM5: 1 | AN5: 1 | AO5: 5 | AP5: I returned to my coding task almost immediately. | AQ5: It appeared after I opened several unrelated tabs during a break. | AR5: I do not remember an unnecessary one. | AS5: It broke the automatic browsing pattern and brought the task goal back to mind. | AT5: The physical sound was easy to notice even when the browser was not in front. | AU5: About right; it felt occasional rather than repetitive. | AV5: A brief device connection indicator would improve confidence. | AW5: Phase 2, because the model-triggered timing felt more relevant than a fixed reminder. | AX5: Goal reorientation | AY5: No clear false prompt | AZ5: Connection feedback
A6: P05 | B6: 18–24 | C6: Student | D6: 4–6 hours | E6: 46239 | F6: Yes | G6: Yes | H6: Yes | I6: Yes | J6: Yes | K6: Yes | L6: Yes | M6: Yes | N6: Yes | O6: Yes | P6: Yes | Q6: R01 | R6: 46249 | S6: Confirm | T6: 4 | U6: 4 | V6: 4 | W6: 4 | X6: 2 | Y6: One term needed a quick explanation on the first day. | Z6: Yes, after the explanation it was easy to answer. | AA6: Use plainer wording in the onboarding screen. | AB6: 46264 | AC6: Confirm | AD6: Yes | AE6: Yes | AF6: 4 | AG6: 4 | AH6: 2 | AI6: 4 | AJ6: 5 | AK6: 4 | AL6: 4 | AM6: 2 | AN6: 2 | AO6: 4 | AP6: I checked whether the video I was watching still supported my learning task. | AQ6: It helped when recommended videos had pulled me away from the tutorial topic. | AR6: One appeared during a related example, but it was easy to ignore and continue. | AS6: It prompted reflection without forcing me to leave the page. | AT6: The beep was clear and short. | AU6: About right; I would not want it more frequently. | AV6: Keep the card visible a little longer when I am taking notes. | AW6: Phase 2; the benefit was useful even though the timing was not perfect every time. | AX6: Reflective awareness | AY6: Occasional false prompt | AZ6: Prompt duration
A7: P06 | B7: 25–34 | C7: Student and worker | D7: 6–8 hours | E7: 46240 | F7: Yes | G7: Yes | H7: Yes | I7: Yes | J7: Yes | K7: Yes | L7: Yes | M7: Yes | N7: Yes | O7: Yes | P7: Yes | Q7: R01 | R7: 46250 | S7: Confirm | T7: 4 | U7: 5 | V7: 4 | W7: 4 | X7: 2 | Y7: Very short sessions sometimes felt like extra recording work. | Z7: Yes. I could answer without sharing what I was reading. | AA7: Make repeated task setup faster while keeping the task type visible. | AB7: 46260 | AC7: Confirm | AD7: Yes | AE7: Yes | AF7: 5 | AG7: 4 | AH7: 2 | AI7: 4 | AJ7: 4 | AK7: 5 | AL7: 4 | AM7: 2 | AN7: 2 | AO7: 5 | AP7: I usually closed the unrelated tab and returned to the document I was working on. | AQ7: It came after tired browsing had taken me away from the writing task. | AR7: Once it appeared while I was checking a useful reference. | AS7: It made the decision explicit; I could return or knowingly continue. | AT7: The sound helped me notice the prompt while switching windows. | AU7: About right, especially because there was only one in a session. | AV7: Add an easy temporary mute option for meetings. | AW7: Phase 2, because it helped more than it interrupted. | AX7: Goal reorientation | AY7: Occasional false prompt | AZ7: Temporary mute
A8: P07 | B8: 18–24 | C8: Student | D8: More than 8 hours | E8: 46241 | F8: Yes | G8: Yes | H8: Yes | I8: Yes | J8: Yes | K8: Yes | L8: Yes | M8: Yes | N8: Yes | O8: Yes | P8: Yes | Q8: R01 | R8: 46251 | S8: Confirm | T8: 5 | U8: 5 | V8: 5 | W8: 5 | X8: 1 | Y8: I did not have a meaningful problem using it. | Z8: Yes. The question was direct. | AA8: No major change; perhaps show that the response was saved. | AB8: 46261 | AC8: Confirm | AD8: Yes | AE8: Yes | AF8: 5 | AG8: 5 | AH8: 1 | AI8: 5 | AJ8: 5 | AK8: 5 | AL8: 5 | AM8: 1 | AN8: 1 | AO8: 5 | AP8: I went back to the task straight away and stayed there. | AQ8: It arrived during a clear off-task moment and felt well timed. | AR8: I do not remember a wrong one. | AS8: It gave me the small interruption I needed to reset my intention. | AT8: The beep was brief and effective. | AU8: About right; the low frequency kept it meaningful. | AV8: No major change beyond keeping the sound short. | AW8: Phase 2; the check-in was the most useful part of the system for me. | AX8: Goal reorientation | AY8: No clear false prompt | AZ8: Keep brief
A9: P08 | B9: 35–44 | C9: Knowledge worker | D9: 4–6 hours | E9: 46242 | F9: Yes | G9: Yes | H9: Yes | I9: Yes | J9: Yes | K9: Yes | L9: Yes | M9: Yes | N9: Yes | O9: Yes | P9: Yes | Q9: R01 | R9: 46252 | S9: Confirm | T9: 4 | U9: 4 | V9: 4 | W9: 4 | X9: 3 | Y9: The intended time did not always match when my real task ended. | Z9: Yes, and I liked that the timer did not decide the answer for me. | AA9: Make it clearer that intended duration is only an estimate. | AB9: 46262 | AC9: Confirm | AD9: Yes | AE9: Yes | AF9: 4 | AG9: 4 | AH9: 2 | AI9: 3 | AJ9: 4 | AK9: 4 | AL9: 4 | AM9: 3 | AN9: 2 | AO9: 4 | AP9: I checked my task and usually returned, although sometimes the current reading was still relevant. | AQ9: It helped when a broad search had moved too far from the original question. | AR9: One check-in interrupted related reading, so I continued and marked it as still relevant. | AS9: It helped me review the detour rather than automatically treating it as wrong. | AT9: The beep was useful, though I would prefer a slightly softer default. | AU9: About right; I noticed only a few during the study. | AV9: Improve timing around rapid tab changes and allow volume control. | AW9: Phase 2, but I would keep the check-in quiet and infrequent. | AX9: Reflective awareness | AY9: Occasional false prompt | AZ9: Timing and volume
A10: P09 | B10: 25–34 | C10: Software professional | D10: 6–8 hours | E10: 46243 | F10: Yes | G10: Yes | H10: Yes | I10: Yes | J10: Yes | K10: Yes | L10: Yes | M10: Yes | N10: Yes | O10: Yes | P10: Yes | Q10: R01 | R10: 46249 | S10: Confirm | T10: 5 | U10: 4 | V10: 5 | W10: 5 | X10: 1 | Y10: It worked quietly; I only had to remember the session boundary. | Z10: Yes. It focused on my declared goal. | AA10: Add a recoverable reminder if the browser closes before reflection. | AB10: 46263 | AC10: Confirm | AD10: Yes | AE10: Yes | AF10: 5 | AG10: 5 | AH10: 1 | AI10: 4 | AJ10: 5 | AK10: 5 | AL10: 5 | AM10: 1 | AN10: 1 | AO10: 5 | AP10: I closed the unrelated pages and resumed my planned work. | AQ10: A conversation had led into unrelated browsing; the check-in arrived at a useful moment. | AR10: I do not remember an unhelpful one. | AS10: It helped me act as soon as I recognized the mismatch. | AT10: The beep made the prompt hard to miss without being alarming. | AU10: About right; one alert was enough to reset the session. | AV10: Show the declared task type on the card as a reminder. | AW10: Phase 2, because it helped me return quickly while leaving the decision with me. | AX10: Goal reorientation | AY10: No clear false prompt | AZ10: Show task context
A11: P10 | B11: 18–24 | C11: Student | D11: 2–4 hours | E11: 46244 | F11: Yes | G11: Yes | H11: Yes | I11: Yes | J11: Yes | K11: Yes | L11: Yes | M11: Yes | N11: Yes | O11: Yes | P11: Yes | Q11: R01 | R11: 46250 | S11: Confirm | T11: 4 | U11: 4 | V11: 5 | W11: 5 | X11: 2 | Y11: I sometimes postponed the last question when I was in a hurry. | Z11: Yes, it was quick to understand. | AA11: Let the pending question stay available until the next browser start. | AB11: 46264 | AC11: Confirm | AD11: Yes | AE11: Yes | AF11: 4 | AG11: 5 | AH11: 2 | AI11: 4 | AJ11: 4 | AK11: 5 | AL11: 4 | AM11: 2 | AN11: 2 | AO11: 4 | AP11: I reread my goal and returned after finishing the useful thing I was doing. | AQ11: It was useful when a short break had quietly become a longer browsing detour. | AR11: One appeared while I was changing between useful task tabs. | AS11: It slowed me down just enough to choose what to do next. | AT11: The short sound was helpful, but it should remain optional. | AU11: About right; repeated beeps would have been annoying. | AV11: Offer a silent mode for shared rooms. | AW11: Phase 2; I liked the reflection, provided the frequency stays low. | AX11: Reflective awareness | AY11: Occasional false prompt | AZ11: Silent mode
A12: P11 | B12: 25–34 | C12: Student and worker | D12: 4–6 hours | E12: 46245 | F12: Yes | G12: Yes | H12: Yes | I12: Yes | J12: Yes | K12: Yes | L12: Yes | M12: Yes | N12: Yes | O12: Yes | P12: Yes | Q12: R01 | R12: 46251 | S12: Confirm | T12: 4 | U12: 5 | V12: 4 | W12: 4 | X12: 2 | Y12: The task-site setup could be clearer for sites used for several purposes. | Z12: Yes. It did not assume that a site was always good or bad. | AA12: Add a short mixed-use-site example. | AB12: 46260 | AC12: Confirm | AD12: Yes | AE12: Yes | AF12: 4 | AG12: 4 | AH12: 2 | AI12: 4 | AJ12: 5 | AK12: 4 | AL12: 5 | AM12: 2 | AN12: 2 | AO12: 5 | AP12: I checked the declared task and went back to the main work tab. | AQ12: It helped when less relevant links had gradually taken over the session. | AR12: The timing was good overall, although not exact every time. | AS12: It turned an unnoticed detour into a conscious choice. | AT12: The hardware cue made the intervention feel immediate. | AU12: About right; it was present without becoming a routine interruption. | AV12: Make reconnecting the ESP32 more obvious after sleep. | AW12: Phase 2, because it made the tool more useful in everyday work. | AX12: Goal reorientation | AY12: Timing not exact | AZ12: Connection feedback
A13: P12 | B13: 18–24 | C13: Student | D13: 6–8 hours | E13: 46246 | F13: Yes | G13: Yes | H13: Yes | I13: Yes | J13: Yes | K13: Yes | L13: Yes | M13: Yes | N13: Yes | O13: Yes | P13: Yes | Q13: R01 | R13: 46252 | S13: Confirm | T13: 5 | U13: 5 | V13: 5 | W13: 5 | X13: 1 | Y13: No difficulty after the first setup. | Z13: Yes, it was easy to answer honestly. | AA13: Keep the process as short as it is now. | AB13: 46261 | AC13: Confirm | AD13: No | AE13: No | AF13: 5 | AG13: 5 | AH13: 1 | AO13: 3 | AV13: I did not remember receiving a check-in, so clearer delivery feedback may be needed. | AW13: Phase 1 for now, because I cannot judge the Phase 2 check-in without remembering one. | AX13: No remembered exposure | AY13: No remembered exposure | AZ13: Delivery feedback

Sheet Summary
A2: Participants | C2: Remembered check-in | E2: Preferred Phase 2 | G2: Phase 2 preference rate
A3: =COUNTA(Responses!A2:A13) -> 12 | C3: =COUNTIF(Responses!AD2:AD13,"Yes") -> 11 | E3: =COUNTIF(Responses!AO2:AO13,">=4") -> 11 | G3: =COUNTIF(Responses!AO2:AO13,">=4")/COUNT(Responses!AO2:AO13) -> 0.91666667
A5: Per-item Likert results
A6: Phase | B6: Item | C6: Statement | D6: Valid n | E6: Median | F6: Q1 | G6: Q3 | H6: IQR | I6: Favorable n | J6: Favorable % | K6: N/A or missing
A7: Phase 1 | B7: A1.1 | C7: DriftSense was easy to use during Phase 1. | D7: =COUNT(Responses!T$2:T$13) -> 12 | E7: =IFERROR(MEDIAN(Responses!T$2:T$13),"") -> 4 | F7: =IFERROR(QUARTILE(Responses!T$2:T$13,1),"") -> 4 | G7: =IFERROR(QUARTILE(Responses!T$2:T$13,3),"") -> 5 | H7: =IF(OR(F7="",G7=""),"",G7-F7) -> 1 | I7: =COUNTIF(Responses!T$2:T$13,">=4") -> 12 | J7: =IFERROR(I7/D7,"") -> 1 | K7: =12-D7 -> 0
A8: Phase 1 | B8: A1.2 | C8: Starting and ending a session was clear. | D8: =COUNT(Responses!U$2:U$13) -> 12 | E8: =IFERROR(MEDIAN(Responses!U$2:U$13),"") -> 4.5 | F8: =IFERROR(QUARTILE(Responses!U$2:U$13,1),"") -> 4 | G8: =IFERROR(QUARTILE(Responses!U$2:U$13,3),"") -> 5 | H8: =IF(OR(F8="",G8=""),"",G8-F8) -> 1 | I8: =COUNTIF(Responses!U$2:U$13,">=4") -> 12 | J8: =IFERROR(I8/D8,"") -> 1 | K8: =12-D8 -> 0
A9: Phase 1 | B9: A1.3 | C9: The end-of-session question was easy to understand. | D9: =COUNT(Responses!V$2:V$13) -> 12 | E9: =IFERROR(MEDIAN(Responses!V$2:V$13),"") -> 5 | F9: =IFERROR(QUARTILE(Responses!V$2:V$13,1),"") -> 4 | G9: =IFERROR(QUARTILE(Responses!V$2:V$13,3),"") -> 5 | H9: =IF(OR(F9="",G9=""),"",G9-F9) -> 1 | I9: =COUNTIF(Responses!V$2:V$13,">=4") -> 12 | J9: =IFERROR(I9/D9,"") -> 1 | K9: =12-D9 -> 0
A10: Phase 1 | B10: A1.4 | C10: I was comfortable with the information DriftSense recorded. | D10: =COUNT(Responses!W$2:W$13) -> 12 | E10: =IFERROR(MEDIAN(Responses!W$2:W$13),"") -> 5 | F10: =IFERROR(QUARTILE(Responses!W$2:W$13,1),"") -> 4 | G10: =IFERROR(QUARTILE(Responses!W$2:W$13,3),"") -> 5 | H10: =IF(OR(F10="",G10=""),"",G10-F10) -> 1 | I10: =COUNTIF(Responses!W$2:W$13,">=4") -> 12 | J10: =IFERROR(I10/D10,"") -> 1 | K10: =12-D10 -> 0
A11: Phase 1 | B11: A1.5 | C11: Phase 1 added effort to my normal browser use. | D11: =COUNT(Responses!X$2:X$13) -> 12 | E11: =IFERROR(MEDIAN(Responses!X$2:X$13),"") -> 2 | F11: =IFERROR(QUARTILE(Responses!X$2:X$13,1),"") -> 1 | G11: =IFERROR(QUARTILE(Responses!X$2:X$13,3),"") -> 2 | H11: =IF(OR(F11="",G11=""),"",G11-F11) -> 1 | I11: =COUNTIF(Responses!X$2:X$13,"<=2") -> 11 | J11: =IFERROR(I11/D11,"") -> 0.91666667 | K11: =12-D11 -> 0
A12: Phase 2 | B12: B2.1 | C12: DriftSense was easy to use during Phase 2. | D12: =COUNT(Responses!AF$2:AF$13) -> 12 | E12: =IFERROR(MEDIAN(Responses!AF$2:AF$13),"") -> 5 | F12: =IFERROR(QUARTILE(Responses!AF$2:AF$13,1),"") -> 4 | G12: =IFERROR(QUARTILE(Responses!AF$2:AF$13,3),"") -> 5 | H12: =IF(OR(F12="",G12=""),"",G12-F12) -> 1 | I12: =COUNTIF(Responses!AF$2:AF$13,">=4") -> 12 | J12: =IFERROR(I12/D12,"") -> 1 | K12: =12-D12 -> 0
A13: Phase 2 | B13: B2.2 | C13: I was comfortable with the information DriftSense recorded. | D13: =COUNT(Responses!AG$2:AG$13) -> 12 | E13: =IFERROR(MEDIAN(Responses!AG$2:AG$13),"") -> 5 | F13: =IFERROR(QUARTILE(Responses!AG$2:AG$13,1),"") -> 4 | G13: =IFERROR(QUARTILE(Responses!AG$2:AG$13,3),"") -> 5 | H13: =IF(OR(F13="",G13=""),"",G13-F13) -> 1 | I13: =COUNTIF(Responses!AG$2:AG$13,">=4") -> 12 | J13: =IFERROR(I13/D13,"") -> 1 | K13: =12-D13 -> 0
A14: Phase 2 | B14: B2.3 | C14: Phase 2 added effort to my normal browser use. | D14: =COUNT(Responses!AH$2:AH$13) -> 12 | E14: =IFERROR(MEDIAN(Responses!AH$2:AH$13),"") -> 2 | F14: =IFERROR(QUARTILE(Responses!AH$2:AH$13,1),"") -> 1 | G14: =IFERROR(QUARTILE(Responses!AH$2:AH$13,3),"") -> 2 | H14: =IF(OR(F14="",G14=""),"",G14-F14) -> 1 | I14: =COUNTIF(Responses!AH$2:AH$13,"<=2") -> 12 | J14: =IFERROR(I14/D14,"") -> 1 | K14: =12-D14 -> 0
A15: Phase 2 | B15: B2.4 | C15: The check-ins occurred at appropriate times. | D15: =COUNT(Responses!AI$2:AI$13) -> 11 | E15: =IFERROR(MEDIAN(Responses!AI$2:AI$13),"") -> 4 | F15: =IFERROR(QUARTILE(Responses!AI$2:AI$13,1),"") -> 4 | G15: =IFERROR(QUARTILE(Responses!AI$2:AI$13,3),"") -> 4.5 | H15: =IF(OR(F15="",G15=""),"",G15-F15) -> 0.5 | I15: =COUNTIF(Responses!AI$2:AI$13,">=4") -> 10 | J15: =IFERROR(I15/D15,"") -> 0.90909091 | K15: =12-D15 -> 1
A16: Phase 2 | B16: B2.5 | C16: The check-ins occurred when I needed to reconsider whether I was following my intended task. | D16: =COUNT(Responses!AJ$2:AJ$13) -> 11 | E16: =IFERROR(MEDIAN(Responses!AJ$2:AJ$13),"") -> 5 | F16: =IFERROR(QUARTILE(Responses!AJ$2:AJ$13,1),"") -> 4 | G16: =IFERROR(QUARTILE(Responses!AJ$2:AJ$13,3),"") -> 5 | H16: =IF(OR(F16="",G16=""),"",G16-F16) -> 1 | I16: =COUNTIF(Responses!AJ$2:AJ$13,">=4") -> 11 | J16: =IFERROR(I16/D16,"") -> 1 | K16: =12-D16 -> 1
A17: Phase 2 | B17: B2.6 | C17: The check-ins helped me reflect on my current browser activity. | D17: =COUNT(Responses!AK$2:AK$13) -> 11 | E17: =IFERROR(MEDIAN(Responses!AK$2:AK$13),"") -> 5 | F17: =IFERROR(QUARTILE(Responses!AK$2:AK$13,1),"") -> 4 | G17: =IFERROR(QUARTILE(Responses!AK$2:AK$13,3),"") -> 5 | H17: =IF(OR(F17="",G17=""),"",G17-F17) -> 1 | I17: =COUNTIF(Responses!AK$2:AK$13,">=4") -> 11 | J17: =IFERROR(I17/D17,"") -> 1 | K17: =12-D17 -> 1
A18: Phase 2 | B18: B2.7 | C18: The check-ins helped me return to my intended task when I wanted to. | D18: =COUNT(Responses!AL$2:AL$13) -> 11 | E18: =IFERROR(MEDIAN(Responses!AL$2:AL$13),"") -> 5 | F18: =IFERROR(QUARTILE(Responses!AL$2:AL$13,1),"") -> 4 | G18: =IFERROR(QUARTILE(Responses!AL$2:AL$13,3),"") -> 5 | H18: =IF(OR(F18="",G18=""),"",G18-F18) -> 1 | I18: =COUNTIF(Responses!AL$2:AL$13,">=4") -> 11 | J18: =IFERROR(I18/D18,"") -> 1 | K18: =12-D18 -> 1
A19: Phase 2 | B19: B2.8 | C19: The check-ins interrupted activity that was useful for my intended task. | D19: =COUNT(Responses!AM$2:AM$13) -> 11 | E19: =IFERROR(MEDIAN(Responses!AM$2:AM$13),"") -> 2 | F19: =IFERROR(QUARTILE(Responses!AM$2:AM$13,1),"") -> 1 | G19: =IFERROR(QUARTILE(Responses!AM$2:AM$13,3),"") -> 2 | H19: =IF(OR(F19="",G19=""),"",G19-F19) -> 1 | I19: =COUNTIF(Responses!AM$2:AM$13,"<=2") -> 10 | J19: =IFERROR(I19/D19,"") -> 0.90909091 | K19: =12-D19 -> 1
A20: Phase 2 | B20: B2.9 | C20: The check-ins were annoying. | D20: =COUNT(Responses!AN$2:AN$13) -> 11 | E20: =IFERROR(MEDIAN(Responses!AN$2:AN$13),"") -> 2 | F20: =IFERROR(QUARTILE(Responses!AN$2:AN$13,1),"") -> 1 | G20: =IFERROR(QUARTILE(Responses!AN$2:AN$13,3),"") -> 2 | H20: =IF(OR(F20="",G20=""),"",G20-F20) -> 1 | I20: =COUNTIF(Responses!AN$2:AN$13,"<=2") -> 11 | J20: =IFERROR(I20/D20,"") -> 1 | K20: =12-D20 -> 1
A21: Phase 2 | B21: B2.10 | C21: I preferred the Phase 2 experience to the Phase 1 experience. | D21: =COUNT(Responses!AO$2:AO$13) -> 12 | E21: =IFERROR(MEDIAN(Responses!AO$2:AO$13),"") -> 5 | F21: =IFERROR(QUARTILE(Responses!AO$2:AO$13,1),"") -> 4 | G21: =IFERROR(QUARTILE(Responses!AO$2:AO$13,3),"") -> 5 | H21: =IF(OR(F21="",G21=""),"",G21-F21) -> 1 | I21: =COUNTIF(Responses!AO$2:AO$13,">=4") -> 11 | J21: =IFERROR(I21/D21,"") -> 0.91666667 | K21: =12-D21 -> 0
A24: Exposure and preference checks
A25: Measure | B25: Yes | C25: No | D25: Not sure
A26: Remembered at least one check-in | B26: =COUNTIF(Responses!AD2:AD13,"Yes") -> 11 | C26: =COUNTIF(Responses!AD2:AD13,"No") -> 1 | D26: =COUNTIF(Responses!AD2:AD13,"Not sure") -> 0
A27: Remembered ESP32 beep | B27: =COUNTIF(Responses!AE2:AE13,"Yes") -> 11 | C27: =COUNTIF(Responses!AE2:AE13,"No") -> 1 | D27: =COUNTIF(Responses!AE2:AE13,"Not sure") -> 0
A30: Illustrative qualitative theme counts
A31: Theme family | B31: Code | C31: Count | D31: Interpretation boundary
A32: Perceived benefit | B32: Goal reorientation | C32: =COUNTIF(Responses!AX2:AX13,B32) -> 7 | D32: Participant perception from synthetic interview text; not objective model-performance evidence.
A33: Perceived benefit | B33: Reflective awareness | C33: =COUNTIF(Responses!AX2:AX13,B33) -> 4 | D33: Participant perception from synthetic interview text; not objective model-performance evidence.
A34: Limitation | B34: Occasional false prompt | C34: =COUNTIF(Responses!AY2:AY13,B34) -> 5 | D34: Participant perception from synthetic interview text; not objective model-performance evidence.
A35: Limitation | B35: Occasional early prompt | C35: =COUNTIF(Responses!AY2:AY13,B35) -> 1 | D35: Participant perception from synthetic interview text; not objective model-performance evidence.
A36: Limitation | B36: Timing not exact | C36: =COUNTIF(Responses!AY2:AY13,B36) -> 1 | D36: Participant perception from synthetic interview text; not objective model-performance evidence.
A37: Limitation | B37: No remembered exposure | C37: =COUNTIF(Responses!AY2:AY13,B37) -> 1 | D37: Participant perception from synthetic interview text; not objective model-performance evidence.
A40: Analysis note for a Journal on Interactive Systems manuscript: report each Likert item separately with n, distribution, median, and IQR; keep not-applicable responses explicit; use de-identified excerpts with a documented coding process. These invented records may be used to test tables and analysis code only. Actual ML performance and causal intervention effects require real model outputs, randomized eligible-session records, and consented participant data.
